{
    "model_id": "Phi-3-medium-4k-instruct",
    "gguf_repo_id": "bartowski/Phi-3-medium-4k-instruct-GGUF",
    "number_of_parameters": 14,
    "f_name_for_q_bits": {
        "q8": "Phi-3-medium-4k-instruct-Q8_0.gguf",
        "q6": "Phi-3-medium-4k-instruct-Q6_K.gguf",
        "q5": "Phi-3-medium-4k-instruct-Q5_K_M.gguf",
        "q4": "Phi-3-medium-4k-instruct-Q4_K_M.gguf",
        "q3": "Phi-3-medium-4k-instruct-Q3_K_M.gguf",
        "q2": "Phi-3-medium-4k-instruct-Q2_K.gguf",
        "q1": "Phi-3-medium-4k-instruct-IQ1_M.gguf"
    },
    "tokenizer_preset_data": {
        "local_path": "phi/tokenizer.json",
        "hf_repo": "microsoft/Phi-3-medium-4k-instruct",
        "hf_filename": "tokenizer.json"
    },
    "tokenizer_config_preset_data": {
        "local_path": "phi/phi3_medium4k_instruct/tokenizer_config.json",
        "hf_repo": "microsoft/Phi-3-medium-4k-instruct",
        "hf_filename": "tokenizer.json"
    }
}